{"edebadc1-c510-4644-bae0-29cb00fa9a6f":"RapportRecrutementUI","c74b8ce1-9d5a-48e3-9eb4-7009a0e00019":"VerificationDossierCandidat","fed840e7-6216-4bee-a872-d81f81ebba47":"DateIntervieweur","0fdd0af3-267c-4317-832c-871be8fc4e24":"newForm","44123462-f34d-455b-bd65-7c4e498af08b":"demoFileUploadInstantiation","68f24aba-af6d-462d-9809-9c3431d4203c":"Recruteur","981aadcf-631a-4742-9507-59e85e93c39e":"demoFileUploadCaseOverview","d5066ce3-f5da-4754-9749-6f909ba2bf85":"demoFileUploadStepUpload","5851e07d-3c78-43fd-9653-960b3da5e1a4":"FomulaireCandidat","6b83a11b-74a0-4d97-80ac-253b645503ed":"demoFileUploadStepDownload"}