{
  "modelVersion" : "2.0",
  "id" : "pbFileViewer",
  "name" : "File Viewer",
  "lastUpdate" : 1664442782268,
  "template" : "@pbFileViewer.tpl.html",
  "icon" : "<?xml version=\"1.0\" standalone=\"no\"?><!DOCTYPE svg PUBLIC \"-//W3C//DTD SVG 1.1//EN\" \"http://www.w3.org/Graphics/SVG/1.1/DTD/svg11.dtd\"><svg width=\"100%\" height=\"100%\" viewBox=\"0 0 40 20\" version=\"1.1\" xmlns=\"http://www.w3.org/2000/svg\" xmlns:xlink=\"http://www.w3.org/1999/xlink\" xml:space=\"preserve\" style=\"fill-rule:evenodd;clip-rule:evenodd;stroke-linejoin:round;stroke-miterlimit:1.41421;\"><g><path d=\"M11.75,19.775l-3.283,0c-0.52,0 -0.942,-0.45 -0.942,-1.005c0,-3.396 0,-14.415 0,-17.81c0,-0.555 0.422,-1.006 0.942,-1.006l8.468,0l5.69,6.105l0,2.841c-2.097,0 -4.055,0.595 -5.717,1.624l-6.544,0l0,1.508l4.628,0c-0.452,0.445 -0.864,0.93 -1.233,1.447l-3.395,0l0,1.508l2.496,0c-0.093,0.188 -0.18,0.379 -0.262,0.573c-0.155,0.282 -0.288,0.574 -0.394,0.876l-1.84,0l0,1.508l1.537,0l-0.002,0.029c-0.098,0.586 -0.149,1.188 -0.149,1.802ZM19.785,7.569l-9.421,0l0,1.508l9.421,0l0,-1.508ZM21.551,6.031l-4.734,-5.003c0,0 0,2.537 0,3.997c0,0.267 0.1,0.523 0.276,0.711c0.177,0.189 0.417,0.295 0.667,0.295l3.791,0Z\" style=\"fill:#fff;\"/><g><path d=\"M16.648,16.683l-1.021,-1.037c2.211,-2.052 5.172,-3.307 8.424,-3.307c3.252,0 6.213,1.255 8.424,3.307l-1.021,1.037c-1.981,-1.9 -4.571,-3.051 -7.403,-3.051c-2.832,0 -5.422,1.151 -7.403,3.051Z\" style=\"fill:#fff;\"/><path d=\"M19.052,17.849l-0.259,0.43c1.468,0.837 3.247,1.327 5.163,1.327c2,0 3.85,-0.533 5.353,-1.438l-0.255,-0.424c-1.456,0.815 -3.21,1.29 -5.098,1.29c-1.804,0 -3.487,-0.435 -4.904,-1.185Z\" style=\"fill:#fff;\"/><path d=\"M24.06,12.353c1.587,0 2.876,1.289 2.876,2.876c0,1.587 -1.289,2.876 -2.876,2.876c-1.588,0 -2.877,-1.289 -2.877,-2.876c0,-1.587 1.289,-2.876 2.877,-2.876ZM25.244,14.174c0.582,0 1.055,0.473 1.055,1.055c0,0.582 -0.473,1.055 -1.055,1.055c-0.582,0 -1.054,-0.473 -1.054,-1.055c0,-0.582 0.472,-1.055 1.054,-1.055Z\" style=\"fill:#fff;\"/></g></g></svg>",
  "controller" : "@pbFileViewer.ctrl.js",
  "description" : "Link to display or download a document",
  "custom" : false,
  "order" : 16,
  "properties" : [
    {
      "label" : "File source",
      "name" : "type",
      "help" : "Choose process document if the file is used by a process",
      "type" : "choice",
      "defaultValue" : "Process document",
      "choiceValues" : [
        "Process document",
        "URL"
      ],
      "bond" : "constant"
    },
    {
      "label" : "URL",
      "name" : "url",
      "caption" : "External API (variable) or URL",
      "help" : "Direct link to an external file",
      "showFor" : "properties.type.value === 'URL'",
      "type" : "text",
      "defaultValue" : "",
      "bond" : "expression"
    },
    {
      "label" : "Process document",
      "name" : "document",
      "caption" : "<i>context.myDocument_ref</i> or <i>myVar.myDocument_ref</i>",
      "help" : "Referenced in a case context (current case or other cases)",
      "showFor" : "properties.type.value === 'Process document'",
      "type" : "text",
      "defaultValue" : "",
      "bond" : "variable"
    },
    {
      "label" : "Show preview",
      "name" : "showPreview",
      "caption" : "Only works with formats supported by the browser (by default PDF and image)",
      "help" : "Display the document in the page or a form",
      "type" : "boolean",
      "defaultValue" : true,
      "bond" : "expression"
    }
  ],
  "assets" : [
    {
      "id" : "bf7dc770-ed0c-4dc7-82ec-e213dc667848",
      "name" : "jquery-2.2.1.min.js",
      "type" : "js",
      "order" : 3,
      "external" : false
    },
    {
      "id" : "a17647eb-fc27-42d4-958a-8a9e3653ca62",
      "name" : "jquery.fancybox-1.3.4.pack.js",
      "type" : "js",
      "order" : 4,
      "external" : false
    },
    {
      "id" : "bb93194f-2dde-4620-91a4-69284f4f0b7a",
      "name" : "box-viewer.directive.js",
      "type" : "js",
      "order" : 5,
      "external" : false
    },
    {
      "id" : "61df982e-a49f-41fc-9669-37d96cd52f50",
      "name" : "jquery.fancybox-1.3.4.css",
      "type" : "css",
      "order" : 1,
      "external" : false
    },
    {
      "id" : "3337ceed-67c7-451e-ba85-b8ebbaa8a6d6",
      "name" : "style.css",
      "type" : "css",
      "order" : 2,
      "external" : false
    }
  ],
  "requiredModules" : [ ],
  "type" : "widget",
  "hasHelp" : false
}