{
  "modelVersion" : "2.0",
  "id" : "VerificationDossierCandidat",
  "name" : "VerificationDossierCandidat",
  "lastUpdate" : 1664550049292,
  "rows" : [
    [
      {
        "type" : "container",
        "dimension" : {
          "xs" : 12
        },
        "propertyValues" : {
          "cssClasses" : {
            "type" : "constant",
            "value" : ""
          },
          "hidden" : {
            "type" : "constant",
            "value" : false
          },
          "repeatedCollection" : {
            "type" : "variable",
            "value" : ""
          }
        },
        "reference" : "ddc79618-c208-4e32-93d5-4034e6e1a344",
        "hasValidationError" : false,
        "id" : "pbContainer",
        "rows" : [
          [
            {
              "type" : "component",
              "dimension" : {
                "md" : 12,
                "sm" : 12,
                "xs" : 12,
                "lg" : 12
              },
              "propertyValues" : {
                "hidden" : {
                  "type" : "constant",
                  "value" : false
                },
                "level" : {
                  "type" : "constant",
                  "value" : "Level 1"
                },
                "cssClasses" : {
                  "type" : "constant",
                  "value" : ""
                },
                "text" : {
                  "type" : "interpolation",
                  "value" : "Vérification dossier candidat"
                },
                "alignment" : {
                  "type" : "constant",
                  "value" : "center"
                },
                "dimension" : {
                  "type" : "constant",
                  "value" : 12
                }
              },
              "reference" : "7e9879d1-ab68-4bb6-9659-bd9d51c0aff3",
              "hasValidationError" : false,
              "id" : "pbTitle",
              "description" : ""
            }
          ],
          [
            {
              "type" : "component",
              "dimension" : {
                "xs" : 12,
                "sm" : 12,
                "md" : 12,
                "lg" : 12
              },
              "propertyValues" : {
                "cssClasses" : {
                  "type" : "constant",
                  "value" : ""
                },
                "hidden" : {
                  "type" : "constant",
                  "value" : false
                },
                "labelHidden" : {
                  "type" : "constant",
                  "value" : true
                },
                "label" : {
                  "type" : "interpolation",
                  "value" : "Default label"
                },
                "labelPosition" : {
                  "type" : "constant",
                  "value" : "top"
                },
                "labelWidth" : {
                  "type" : "constant",
                  "value" : 4
                },
                "allowHTML" : {
                  "type" : "constant",
                  "value" : true
                },
                "text" : {
                  "type" : "interpolation",
                  "value" : "Informtions candidat :"
                },
                "alignment" : {
                  "type" : "constant",
                  "value" : "left"
                }
              },
              "reference" : "6d8ba4ef-dd2b-4477-b206-130a9a0a94d7",
              "hasValidationError" : false,
              "id" : "pbText"
            }
          ],
          [
            {
              "type" : "component",
              "dimension" : {
                "xs" : 12,
                "sm" : 12,
                "md" : 6,
                "lg" : 6
              },
              "propertyValues" : {
                "cssClasses" : {
                  "type" : "constant",
                  "value" : ""
                },
                "hidden" : {
                  "type" : "constant",
                  "value" : false
                },
                "required" : {
                  "type" : "constant",
                  "value" : false
                },
                "minLength" : {
                  "type" : "constant",
                  "value" : ""
                },
                "maxLength" : {
                  "type" : "constant",
                  "value" : ""
                },
                "readOnly" : {
                  "type" : "constant",
                  "value" : true
                },
                "labelHidden" : {
                  "type" : "constant",
                  "value" : false
                },
                "label" : {
                  "type" : "interpolation",
                  "value" : "Nom"
                },
                "labelPosition" : {
                  "type" : "constant",
                  "value" : "top"
                },
                "labelWidth" : {
                  "type" : "constant",
                  "value" : 4
                },
                "placeholder" : {
                  "type" : "interpolation"
                },
                "value" : {
                  "type" : "variable",
                  "value" : "info.nom"
                },
                "type" : {
                  "type" : "constant",
                  "value" : "text"
                },
                "min" : {
                  "type" : "constant"
                },
                "max" : {
                  "type" : "constant"
                },
                "step" : {
                  "type" : "constant",
                  "value" : 1
                }
              },
              "reference" : "00bf0516-e0f3-49b1-8f34-3fd4f8370a9b",
              "hasValidationError" : false,
              "id" : "pbInput"
            },
            {
              "type" : "component",
              "dimension" : {
                "xs" : 12,
                "sm" : 12,
                "md" : 6,
                "lg" : 6
              },
              "propertyValues" : {
                "cssClasses" : {
                  "type" : "constant",
                  "value" : ""
                },
                "hidden" : {
                  "type" : "constant",
                  "value" : false
                },
                "required" : {
                  "type" : "constant",
                  "value" : false
                },
                "minLength" : {
                  "type" : "constant",
                  "value" : ""
                },
                "maxLength" : {
                  "type" : "constant",
                  "value" : ""
                },
                "readOnly" : {
                  "type" : "constant",
                  "value" : true
                },
                "labelHidden" : {
                  "type" : "constant",
                  "value" : false
                },
                "label" : {
                  "type" : "interpolation",
                  "value" : "Prénom"
                },
                "labelPosition" : {
                  "type" : "constant",
                  "value" : "top"
                },
                "labelWidth" : {
                  "type" : "constant",
                  "value" : 4
                },
                "placeholder" : {
                  "type" : "interpolation"
                },
                "value" : {
                  "type" : "variable",
                  "value" : "info.prenom"
                },
                "type" : {
                  "type" : "constant",
                  "value" : "text"
                },
                "min" : {
                  "type" : "constant"
                },
                "max" : {
                  "type" : "constant"
                },
                "step" : {
                  "type" : "constant",
                  "value" : 1
                }
              },
              "reference" : "172aa7dc-7968-4788-8c04-f96f88580a51",
              "hasValidationError" : false,
              "id" : "pbInput"
            }
          ],
          [
            {
              "type" : "component",
              "dimension" : {
                "xs" : 12,
                "sm" : 12,
                "md" : 12,
                "lg" : 12
              },
              "propertyValues" : {
                "cssClasses" : {
                  "type" : "constant",
                  "value" : ""
                },
                "hidden" : {
                  "type" : "constant",
                  "value" : false
                },
                "required" : {
                  "type" : "constant",
                  "value" : false
                },
                "minLength" : {
                  "type" : "constant",
                  "value" : ""
                },
                "maxLength" : {
                  "type" : "constant",
                  "value" : ""
                },
                "readOnly" : {
                  "type" : "constant",
                  "value" : true
                },
                "labelHidden" : {
                  "type" : "constant",
                  "value" : false
                },
                "label" : {
                  "type" : "interpolation",
                  "value" : "Formation"
                },
                "labelPosition" : {
                  "type" : "constant",
                  "value" : "top"
                },
                "labelWidth" : {
                  "type" : "constant",
                  "value" : 4
                },
                "placeholder" : {
                  "type" : "interpolation"
                },
                "value" : {
                  "type" : "variable",
                  "value" : "info.formation"
                },
                "type" : {
                  "type" : "constant",
                  "value" : "text"
                },
                "min" : {
                  "type" : "constant"
                },
                "max" : {
                  "type" : "constant"
                },
                "step" : {
                  "type" : "constant",
                  "value" : 1
                }
              },
              "reference" : "d56d67f9-09d2-41db-a9e6-0c7a2db2df59",
              "hasValidationError" : false,
              "id" : "pbInput"
            }
          ],
          [
            {
              "type" : "component",
              "dimension" : {
                "xs" : 12,
                "sm" : 12,
                "md" : 12,
                "lg" : 12
              },
              "propertyValues" : {
                "cssClasses" : {
                  "type" : "constant",
                  "value" : ""
                },
                "hidden" : {
                  "type" : "constant",
                  "value" : false
                },
                "labelHidden" : {
                  "type" : "constant",
                  "value" : true
                },
                "label" : {
                  "type" : "interpolation",
                  "value" : "Default label"
                },
                "labelPosition" : {
                  "type" : "constant",
                  "value" : "top"
                },
                "labelWidth" : {
                  "type" : "constant",
                  "value" : 4
                },
                "allowHTML" : {
                  "type" : "constant",
                  "value" : true
                },
                "text" : {
                  "type" : "interpolation",
                  "value" : "Emploi visé :"
                },
                "alignment" : {
                  "type" : "constant",
                  "value" : "left"
                }
              },
              "reference" : "b010f4c6-425b-4ba8-b0cd-a79fb15f0b37",
              "hasValidationError" : false,
              "id" : "pbText"
            }
          ],
          [
            {
              "type" : "component",
              "dimension" : {
                "xs" : 12,
                "sm" : 12,
                "md" : 6,
                "lg" : 6
              },
              "propertyValues" : {
                "cssClasses" : {
                  "type" : "constant",
                  "value" : ""
                },
                "hidden" : {
                  "type" : "constant",
                  "value" : false
                },
                "required" : {
                  "type" : "constant",
                  "value" : false
                },
                "minLength" : {
                  "type" : "constant",
                  "value" : ""
                },
                "maxLength" : {
                  "type" : "constant",
                  "value" : ""
                },
                "readOnly" : {
                  "type" : "constant",
                  "value" : true
                },
                "labelHidden" : {
                  "type" : "constant",
                  "value" : false
                },
                "label" : {
                  "type" : "interpolation",
                  "value" : "Référence emploi :"
                },
                "labelPosition" : {
                  "type" : "constant",
                  "value" : "top"
                },
                "labelWidth" : {
                  "type" : "constant",
                  "value" : 4
                },
                "placeholder" : {
                  "type" : "interpolation"
                },
                "value" : {
                  "type" : "variable",
                  "value" : "info.refEmploi"
                },
                "type" : {
                  "type" : "constant",
                  "value" : "text"
                },
                "min" : {
                  "type" : "constant"
                },
                "max" : {
                  "type" : "constant"
                },
                "step" : {
                  "type" : "constant",
                  "value" : 1
                }
              },
              "reference" : "7f5cc897-a79a-4189-8311-42810b5272ba",
              "hasValidationError" : false,
              "id" : "pbInput"
            }
          ]
        ]
      }
    ],
    [
      {
        "type" : "component",
        "dimension" : {
          "xs" : 12,
          "sm" : 12,
          "md" : 6,
          "lg" : 6
        },
        "propertyValues" : {
          "cssClasses" : {
            "type" : "constant",
            "value" : ""
          },
          "hidden" : {
            "type" : "constant",
            "value" : false
          },
          "disabled" : {
            "type" : "constant",
            "value" : false
          },
          "label" : {
            "type" : "interpolation",
            "value" : "Accepter"
          },
          "alignment" : {
            "type" : "constant",
            "value" : "center"
          },
          "buttonStyle" : {
            "type" : "constant",
            "value" : "success"
          },
          "action" : {
            "type" : "constant",
            "value" : "Submit task"
          },
          "assign" : {
            "type" : "constant",
            "value" : false
          },
          "url" : {
            "type" : "interpolation"
          },
          "responseStatusCode" : {
            "type" : "variable",
            "value" : ""
          },
          "dataToSend" : {
            "type" : "expression",
            "value" : "formOutput"
          },
          "dataFromSuccess" : {
            "type" : "variable",
            "value" : "formInput.recruteurFormulaireCandidatInput.acceptcandi"
          },
          "closeOnSuccess" : {
            "type" : "constant",
            "value" : false
          },
          "dataFromError" : {
            "type" : "variable",
            "value" : ""
          },
          "targetUrlOnSuccess" : {
            "type" : "interpolation"
          },
          "collectionToModify" : {
            "type" : "variable"
          },
          "modalId" : {
            "type" : "constant",
            "value" : ""
          },
          "collectionPosition" : {
            "type" : "constant",
            "value" : "Last"
          },
          "valueToAdd" : {
            "type" : "constant"
          },
          "removeItem" : {
            "type" : "variable"
          }
        },
        "reference" : "adc91660-4089-4121-8e5d-dc96d6d03125",
        "hasValidationError" : false,
        "id" : "pbButton"
      },
      {
        "type" : "component",
        "dimension" : {
          "xs" : 12,
          "sm" : 12,
          "md" : 6,
          "lg" : 6
        },
        "propertyValues" : {
          "cssClasses" : {
            "type" : "constant",
            "value" : ""
          },
          "hidden" : {
            "type" : "constant",
            "value" : false
          },
          "disabled" : {
            "type" : "constant",
            "value" : false
          },
          "label" : {
            "type" : "interpolation",
            "value" : "Rejeter"
          },
          "alignment" : {
            "type" : "constant",
            "value" : "center"
          },
          "buttonStyle" : {
            "type" : "constant",
            "value" : "danger"
          },
          "action" : {
            "type" : "constant",
            "value" : "Submit task"
          },
          "assign" : {
            "type" : "constant",
            "value" : false
          },
          "url" : {
            "type" : "interpolation"
          },
          "responseStatusCode" : {
            "type" : "variable",
            "value" : ""
          },
          "dataToSend" : {
            "type" : "expression",
            "value" : "formOuputFalse"
          },
          "dataFromSuccess" : {
            "type" : "variable",
            "value" : "formInputFalse.recruteurFormulaireCandidatInput.acceptcandi"
          },
          "closeOnSuccess" : {
            "type" : "constant",
            "value" : false
          },
          "dataFromError" : {
            "type" : "variable",
            "value" : ""
          },
          "targetUrlOnSuccess" : {
            "type" : "interpolation"
          },
          "collectionToModify" : {
            "type" : "variable"
          },
          "modalId" : {
            "type" : "constant",
            "value" : ""
          },
          "collectionPosition" : {
            "type" : "constant",
            "value" : "Last"
          },
          "valueToAdd" : {
            "type" : "constant"
          },
          "removeItem" : {
            "type" : "variable"
          }
        },
        "reference" : "dccccc54-b917-45b2-a7f6-8e650ce08ee0",
        "hasValidationError" : false,
        "id" : "pbButton"
      }
    ]
  ],
  "assets" : [
    {
      "id" : "18a4fc1e-0799-4e1b-a702-996c9411f0d4",
      "name" : "localization.json",
      "type" : "json",
      "order" : 0,
      "external" : false
    },
    {
      "id" : "11a30588-03f7-453a-b1a2-798238fb2f5c",
      "name" : "style.css",
      "type" : "css",
      "order" : 0,
      "external" : false
    }
  ],
  "inactiveAssets" : [ ],
  "variables" : {
    "task" : {
      "type" : "url",
      "value" : [
        "../API/bpm/userTask/{{taskId}}"
      ],
      "exposed" : false
    },
    "submit_errors_list" : {
      "type" : "expression",
      "value" : [
        "if($data.formOutput && $data.formOutput._submitError && $data.formOutput._submitError.explanations){",
        "\tconst liElements = $data.formOutput._submitError.explanations",
        "\t\t.filter(cause => cause !== null)",
        "\t\t.map(cause => \"<li>\" + cause + \"</li>\")",
        "\t\t.join('');",
        "\tif(liElements){",
        "\t\treturn \"<ul>\" + liElements + \"</ul>\";",
        "\t}",
        "}"
      ],
      "exposed" : false
    },
    "formOutput" : {
      "type" : "expression",
      "value" : [
        "return {recruteurFormulaireCandidatInput:$data.formInput.recruteurFormulaireCandidatInput}"
      ],
      "exposed" : false
    },
    "context" : {
      "type" : "url",
      "value" : [
        "../API/bpm/userTask/{{taskId}}/context"
      ],
      "exposed" : false
    },
    "taskId" : {
      "type" : "urlparameter",
      "value" : [
        "id"
      ],
      "exposed" : false
    },
    "info" : {
      "type" : "url",
      "value" : [
        "../{{context.recruteurFormulaireCandidat_ref.link}}"
      ],
      "exposed" : false
    },
    "formInput" : {
      "type" : "json",
      "value" : [
        "{\"recruteurFormulaireCandidatInput\" :{\"acceptcandi\" : true}}"
      ],
      "exposed" : false
    },
    "formInputFalse" : {
      "type" : "json",
      "value" : [
        "{\"recruteurFormulaireCandidatInput\" :{\"acceptcandi\" : false}}"
      ],
      "exposed" : false
    },
    "formOuputFalse" : {
      "type" : "expression",
      "value" : [
        "return {recruteurFormulaireCandidatInput:$data.formInputFalse.recruteurFormulaireCandidatInput}"
      ],
      "exposed" : false
    }
  },
  "hasValidationError" : false,
  "uuid" : "c74b8ce1-9d5a-48e3-9eb4-7009a0e00019",
  "type" : "form",
  "description" : "Page generated with Bonita UI designer"
}