{
  "modelVersion" : "2.0",
  "previousArtifactVersion" : "1.10.18",
  "id" : "demoFileUploadStepDownload",
  "name" : "demoFileUploadStepDownload",
  "lastUpdate" : 1664524254383,
  "rows" : [
    [
      {
        "type" : "component",
        "dimension" : {
          "xs" : 12
        },
        "propertyValues" : {
          "cssClasses" : {
            "type" : "constant",
            "value" : ""
          },
          "hidden" : {
            "type" : "constant",
            "value" : false
          },
          "text" : {
            "type" : "interpolation",
            "value" : "Single file"
          },
          "level" : {
            "type" : "constant",
            "value" : "Level 2"
          },
          "alignment" : {
            "type" : "constant",
            "value" : "left"
          }
        },
        "reference" : "308fdae8-14d0-4aa6-a27e-61090f04a533",
        "hasValidationError" : false,
        "id" : "pbTitle"
      }
    ],
    [
      {
        "type" : "component",
        "dimension" : {
          "xs" : 12
        },
        "propertyValues" : {
          "cssClasses" : {
            "type" : "constant",
            "value" : ""
          },
          "hidden" : {
            "type" : "constant",
            "value" : false
          },
          "text" : {
            "type" : "interpolation",
            "value" : "Download: {{context.myDocument_ref.fileName}}"
          },
          "targetUrl" : {
            "type" : "expression",
            "value" : "\"/bonita/portal/\" + context.myDocument_ref.url"
          },
          "alignment" : {
            "type" : "constant",
            "value" : "left"
          },
          "buttonStyle" : {
            "type" : "constant",
            "value" : "link"
          },
          "target" : {
            "type" : "constant",
            "value" : "_self"
          }
        },
        "reference" : "dcf07c3d-4fb8-4530-8bc0-19cf7c482fef",
        "hasValidationError" : false,
        "id" : "pbLink"
      }
    ],
    [
      {
        "type" : "component",
        "dimension" : {
          "xs" : 12
        },
        "propertyValues" : {
          "cssClasses" : {
            "type" : "constant",
            "value" : ""
          },
          "hidden" : {
            "type" : "constant",
            "value" : false
          },
          "text" : {
            "type" : "interpolation",
            "value" : "Multiple files"
          },
          "level" : {
            "type" : "constant",
            "value" : "Level 2"
          },
          "alignment" : {
            "type" : "constant",
            "value" : "left"
          }
        },
        "reference" : "f464225c-a1f9-4d37-9faf-33b860b73de6",
        "hasValidationError" : false,
        "id" : "pbTitle"
      }
    ],
    [
      {
        "type" : "container",
        "dimension" : {
          "xs" : 12
        },
        "propertyValues" : {
          "cssClasses" : {
            "type" : "constant",
            "value" : ""
          },
          "hidden" : {
            "type" : "constant",
            "value" : false
          },
          "repeatedCollection" : {
            "type" : "variable",
            "value" : "context.myMultipleDocuments_ref"
          }
        },
        "reference" : "008412c7-45eb-4098-8d2b-02e21862cc6a",
        "hasValidationError" : false,
        "id" : "pbContainer",
        "rows" : [
          [
            {
              "type" : "component",
              "dimension" : {
                "xs" : 12
              },
              "propertyValues" : {
                "cssClasses" : {
                  "type" : "constant",
                  "value" : ""
                },
                "hidden" : {
                  "type" : "constant",
                  "value" : false
                },
                "text" : {
                  "type" : "interpolation",
                  "value" : "Download: {{$item.fileName}}"
                },
                "targetUrl" : {
                  "type" : "expression",
                  "value" : "\"/bonita/portal/\"+$item.url"
                },
                "alignment" : {
                  "type" : "constant",
                  "value" : "left"
                },
                "buttonStyle" : {
                  "type" : "constant",
                  "value" : "link"
                },
                "target" : {
                  "type" : "constant",
                  "value" : "_self"
                }
              },
              "reference" : "6954ee34-d7a5-43ff-8aef-a5b289a6dbd6",
              "hasValidationError" : false,
              "id" : "pbLink"
            }
          ]
        ]
      }
    ],
    [
      {
        "type" : "component",
        "dimension" : {
          "xs" : 12
        },
        "propertyValues" : {
          "alignment" : {
            "type" : "constant",
            "value" : "center"
          },
          "isDisplayed" : {
            "type" : "constant",
            "value" : true
          },
          "targetUrlOnSuccess" : {
            "type" : "interpolation",
            "value" : "/bonita"
          },
          "class" : {
            "type" : "constant",
            "value" : "org.bonitasoft.web.designer.experimental.parametrizedWidget.ButtonWidget"
          },
          "label" : {
            "type" : "interpolation",
            "value" : "Close (do the task)"
          },
          "buttonStyle" : {
            "type" : "constant",
            "value" : "primary"
          },
          "dimension" : {
            "type" : "constant",
            "value" : 12
          },
          "collectionToModify" : {
            "type" : "variable"
          },
          "widgetId" : {
            "type" : "constant",
            "value" : "pbButton"
          },
          "action" : {
            "type" : "constant",
            "value" : "Submit task"
          },
          "labelHidden" : {
            "type" : "constant",
            "value" : false
          },
          "dataToSend" : {
            "type" : "expression",
            "value" : "formOutput"
          },
          "readonly" : {
            "type" : "constant",
            "value" : false
          },
          "disabled" : {
            "type" : "constant",
            "value" : false
          },
          "cssClasses" : {
            "type" : "constant",
            "value" : ""
          },
          "hidden" : {
            "type" : "constant",
            "value" : false
          },
          "url" : {
            "type" : "interpolation"
          },
          "dataFromSuccess" : {
            "type" : "variable",
            "value" : ""
          },
          "dataFromError" : {
            "type" : "variable",
            "value" : ""
          },
          "collectionPosition" : {
            "type" : "constant",
            "value" : "Last"
          },
          "valueToAdd" : {
            "type" : "constant"
          },
          "removeItem" : {
            "type" : "variable"
          },
          "closeOnSuccess" : {
            "type" : "constant",
            "value" : false
          },
          "modalId" : {
            "type" : "constant",
            "value" : ""
          }
        },
        "reference" : "aeb079ad-a2cf-4957-9ebc-f39b229212d0",
        "hasValidationError" : false,
        "id" : "pbButton"
      }
    ],
    [
      {
        "type" : "component",
        "dimension" : {
          "xs" : 12
        },
        "propertyValues" : {
          "cssClasses" : {
            "type" : "constant",
            "value" : ""
          },
          "hidden" : {
            "type" : "constant",
            "value" : false
          },
          "text" : {
            "type" : "interpolation",
            "value" : "Debug"
          },
          "level" : {
            "type" : "constant",
            "value" : "Level 2"
          },
          "alignment" : {
            "type" : "constant",
            "value" : "left"
          }
        },
        "reference" : "9c3b005e-0233-4ad2-88f1-3763128a0501",
        "hasValidationError" : false,
        "id" : "pbTitle"
      }
    ],
    [
      {
        "type" : "component",
        "dimension" : {
          "xs" : 12
        },
        "propertyValues" : {
          "cssClasses" : {
            "type" : "constant",
            "value" : ""
          },
          "hidden" : {
            "type" : "constant",
            "value" : false
          },
          "text" : {
            "type" : "interpolation",
            "value" : "context: {{ context | json }}"
          },
          "alignment" : {
            "type" : "constant",
            "value" : "left"
          },
          "allowHTML" : {
            "type" : "constant",
            "value" : true
          },
          "labelHidden" : {
            "type" : "constant",
            "value" : true
          },
          "label" : {
            "type" : "interpolation",
            "value" : ""
          },
          "labelPosition" : {
            "type" : "constant",
            "value" : "top"
          },
          "labelWidth" : {
            "type" : "constant",
            "value" : 4
          }
        },
        "reference" : "ea5ff6c6-fafe-4fbb-a4af-0d2fc570d9d0",
        "hasValidationError" : false,
        "id" : "pbText"
      }
    ]
  ],
  "assets" : [
    {
      "id" : "534fcda0-cdac-4d19-94f2-c3059c6e9322",
      "name" : "style.css",
      "type" : "css",
      "order" : 1,
      "external" : false
    }
  ],
  "inactiveAssets" : [ ],
  "variables" : {
    "context" : {
      "type" : "url",
      "value" : [
        "/bonita/API/bpm/userTask/{{taskId}}/context"
      ],
      "exposed" : false
    },
    "taskId" : {
      "type" : "urlparameter",
      "value" : [
        "id"
      ],
      "exposed" : false
    }
  },
  "hasValidationError" : false,
  "uuid" : "6b83a11b-74a0-4d97-80ac-253b645503ed",
  "type" : "form",
  "description" : "Page generated with Bonita UI designer",
  "displayName" : "demoFileUploadStepDownload"
}