<?xml version="1.0" encoding="UTF-8" standalone="yes"?>
<businessObjectModel xmlns="http://documentation.bonitasoft.com/bdm-xml-schema/1.0" modelVersion="1.0" productVersion="7.12.1">
    <businessObjects>
        <businessObject qualifiedName="com.company.model.DateRecruteur">
            <fields>
                <field type="LOCALDATE" length="255" name="date_possible" nullable="true" collection="false"/>
            </fields>
            <uniqueConstraints/>
            <queries/>
            <indexes/>
        </businessObject>
        <businessObject qualifiedName="com.company.model.FormulaireCandidat">
            <fields>
                <field type="STRING" length="255" name="nom" nullable="true" collection="false"/>
                <field type="STRING" length="255" name="prenom" nullable="true" collection="false"/>
                <field type="STRING" length="255" name="mail" nullable="true" collection="false"/>
                <field type="STRING" length="255" name="formation" nullable="true" collection="false"/>
                <field type="STRING" length="255" name="categorieEmploi" nullable="true" collection="false"/>
                <field type="STRING" length="255" name="refEmploi" nullable="true" collection="false"/>
                <field type="STRING" length="255" name="acceptcandi" nullable="true" collection="false"/>
            </fields>
            <uniqueConstraints/>
            <queries/>
            <indexes/>
        </businessObject>
        <businessObject qualifiedName="com.company.model.FormulaireDecision">
            <fields>
                <field type="STRING" length="255" name="nom" nullable="true" collection="false"/>
                <field type="STRING" length="255" name="prenom" nullable="true" collection="false"/>
                <field type="STRING" length="255" name="mail" nullable="true" collection="false"/>
                <field type="STRING" length="255" name="formation" nullable="true" collection="false"/>
                <field type="STRING" length="255" name="nomInt" nullable="true" collection="false"/>
                <field type="STRING" length="255" name="prenomInt" nullable="true" collection="false"/>
                <field type="OFFSETDATETIME" length="255" name="dateEnt" nullable="true" collection="false"/>
                <field type="STRING" length="255" name="decision" nullable="true" collection="false"/>
                <field type="STRING" length="255" name="commentaire" nullable="true" collection="false"/>
                <field type="STRING" length="255" name="salaire" nullable="true" collection="false"/>
                <field type="LONG" length="255" name="numRapRecr" nullable="true" collection="false"/>
                <field type="STRING" length="255" name="categorie" nullable="true" collection="false"/>
            </fields>
            <uniqueConstraints/>
            <queries/>
            <indexes/>
        </businessObject>
    </businessObjects>
</businessObjectModel>
