{
  "modelVersion" : "2.0",
  "previousArtifactVersion" : "1.10.12",
  "id" : "timelineWidget",
  "name" : "TIMELINE",
  "lastUpdate" : 1664524254253,
  "template" : "@timelineWidget.tpl.html",
  "controller" : "@timelineWidget.ctrl.js",
  "custom" : true,
  "properties" : [
    {
      "label" : "Events",
      "name" : "events",
      "help" : "A list of events to display on the Timeline. An event is a JSON object. There is no constraint on the structure of the object. You can define in other properties how to display an event based on the structure of the JSON object you provide here. If the list of events is empty then the 'No Event Title' and 'No Event Content' will be displayed.",
      "bond" : "expression"
    },
    {
      "label" : "No Events Title",
      "name" : "noEventsTitle",
      "help" : "In case of an empty list of event provided in the Events property, a fake event will be displayed in the TimeLine with the following title.",
      "defaultValue" : "No Events yet.",
      "bond" : "expression"
    },
    {
      "label" : "No Events Content",
      "name" : "noEventsContent",
      "help" : "In case of an empty list of event provided in the Events property, a fake event will be displayed in the TimeLine with the following content.",
      "defaultValue" : "Nothing noticeable happened yet... But it surely will come!",
      "bond" : "expression"
    },
    {
      "label" : "Events Title Expression",
      "name" : "eventsTitleExpression",
      "caption" : "e.g. '#' + event.id + ' ' + event.name",
      "help" : "Expression that will be executed to create the title for each event of the Timeline. Use the 'event' placeholder in the expression to refer to the current event to display, e.g., event.attribute",
      "bond" : "expression"
    },
    {
      "label" : "Events Content Expression",
      "name" : "eventsContentExpression",
      "help" : "Expression that will be executed to create the content for each event of the Timeline. Use the 'event' placeholder in the expression to refer to the current event to display, e.g., event.attribute",
      "bond" : "expression"
    },
    {
      "label" : "Events Time Expression",
      "name" : "eventsTimeExpression",
      "help" : "Expression that will be executed to create the time (when the event occurred) for each event of the Timeline. Use the 'event' placeholder in the expression to refer to the current event to display, e.g., event.attribute",
      "bond" : "expression"
    },
    {
      "label" : "Events Time format",
      "name" : "eventsTimeAttributeFormat",
      "caption" : "e.g. medium, yyyy-MM-dd HH:mm:ss. <a href='https://docs.angularjs.org/api/ng/filter/date' target='_blank'>More examples</a>",
      "help" : "Format to apply on the Event Time attribute and the Origin Time attribute.",
      "defaultValue" : "medium",
      "bond" : "expression"
    },
    {
      "label" : "Events Author Expression",
      "name" : "eventsAuthorExpression",
      "caption" : "e.g. event.author.firstname + ' ' + event.author.lastname",
      "help" : "Expression that will be executed to create the author description for each event of the Timeline. Use the 'event' placeholder in the expression to refer to the current event to display, e.g., event.attribute",
      "bond" : "expression"
    },
    {
      "label" : "Origin",
      "name" : "origin",
      "help" : "The initial event that represents the origin of the Timeline.",
      "bond" : "expression"
    },
    {
      "label" : "Origin Title Expression",
      "name" : "originTitleExpression",
      "help" : "Expression that will be executed to create the origin's title of Timeline. Use the 'origin' placeholder in the expression to refer to the event to display, e.g., origin.attribute",
      "bond" : "expression"
    },
    {
      "label" : "Origin Content Expression",
      "name" : "originContentExpression",
      "help" : "Expression that will be executed to create the origin's content of Timeline. Use the 'origin' placeholder in the expression to refer to the event to display, e.g., origin.attribute",
      "bond" : "expression"
    },
    {
      "label" : "Origin Time Expression",
      "name" : "originTimeExpression",
      "help" : "Expression that will be executed to create the origin's time of Timeline. Use the 'origin' placeholder in the expression to refer to the event to display, e.g., origin.attribute. The 'Event Time Format' will be applied on this expression.",
      "bond" : "expression"
    },
    {
      "label" : "Origin Author",
      "name" : "originAuthorExpression",
      "caption" : "e.g. origin.initiator.firstname + ' ' + origin.initiator.lastname",
      "help" : "Expression that will be executed to create the author description for the origin event of the Timeline. Use the 'origin' placeholder in the expression to refer to the current event to display, e.g., origin.attribute",
      "bond" : "expression"
    },
    {
      "label" : "Events Icon Style Expression",
      "name" : "eventsIconStyleExpression",
      "type" : "choice",
      "defaultValue" : "info",
      "choiceValues" : [
        "default",
        "success",
        "info",
        "warning",
        "danger",
        "primary"
      ],
      "bond" : "expression"
    },
    {
      "label" : "Events Icon Expression",
      "name" : "eventsIconExpression",
      "type" : "text",
      "defaultValue" : "check",
      "bond" : "expression"
    }
  ],
  "assets" : [
    {
      "name" : "angular-timeline.css",
      "type" : "css",
      "order" : 0,
      "external" : false
    },
    {
      "name" : "style.css",
      "type" : "css",
      "order" : 0,
      "external" : false
    },
    {
      "name" : "angular-timeline.js",
      "type" : "js",
      "order" : 0,
      "external" : false
    }
  ],
  "requiredModules" : [
    "angular-timeline"
  ],
  "type" : "widget",
  "hasHelp" : false
}